Code	Name	LOC URL	Direction	Landmarks	Map Text	In English	JVG Mills	Notes	Map Text HTML	Translation HTML
shipyard-taicang	Nanjing, Jiangsu to Taicang	https://www.loc.gov/resource/g7821rm.gct00058/?sp=1&r=0.643,0.538,0.251,0.13,0	out			[No guidance, since pilots can follow the banks of the river]				
taicang-nanhuizui	Taicang, Jiangsu to Nanhuizui, Shanghai	https://www.loc.gov/resource/g7821rm.gct00058/?sp=3&r=0.354,0.425,0.127,0.107,0	out	太倉,吳淞,南匯嘴	《太倉港口》開船，用丹乙針，一更船平《吳淞江》。 用乙卯針，一更船到《南匯嘴》。	Starting from Taicang Harbor (太倉港口), sail on a course of 105° (乙, ESE) for 2.4 hours (1 更) until even with Huangpu River (吳淞江). Sail on a course of 97.5° (乙卯, ESE) for 2.4 hours (1 更) to reach Nanhuizui (南匯嘴).	The ship starts from Taicangjiang [Liuhe], and steers exactly 105 degrees; after 1 watch the ship is level with Wusongjiang [Wusong bar]. Steer 105 degrees-90 degrees; after 1 watch, the ship reaches Nanhuicui.		<li>《太倉港口》開船，用丹乙針，一更船平《吳淞江》。</li><li>用乙卯針，一更船到《南匯嘴》。</li>	<li>Starting from Taicang Harbor (太倉港口), sail on a course of 105° (乙, ESE) for 2.4 hours (1 更) until even with Huangpu River (吳淞江).</li><li>Sail on a course of 97.5° (乙卯, ESE) for 2.4 hours (1 更) to reach Nanhuizui (南匯嘴).</li>
zhaobao-jiushan	Zhaobao, Shanghai to Jiushan Archipelago, Zhejiang	https://www.loc.gov/resource/g7821rm.gct00058/?sp=3&r=0.244,0.573,0.107,0.127,270	out	招寶,茶山,大小七山,東霍山,東霍山,西後門,大磨山,小磨山,崎頭,昇羅嶼,雙嶼港,孝順洋,九山	平《招寶》，用乙辰針，三更船出洪。 打水丈六七正路。 見《茶山》在東北。 邊過，用巽巳針，四更船見《大小七山》。 打水六七托。 用坤申及丁未針，三更船取《霍山》。 用丹午針，三更船取《(東)霍山》。 用丹午針，六(更船取)《西後門》。 用巽巳針，三更船取《大磨山》。 用乙辰針，一更船取《小磨山》轄《崎頭》《昇羅嶼》。 用丁未針，一更船出《雙嶼港》。 用丙午針，一更船取《孝順洋》。 一路，打水九托九平。 《九山》對《九山》西南邊，有一沆礁打浪。 有一沆礁打浪出水打船仔細。	When level with Zhaobao (招寶), sail on a course of 112.5º (乙辰, ESE) for 7.2 hours (3 更) to exit the main current. The 5 fathom (6-7 托) contour is the correct course to the mouth of the river. You will sight Sheshan Island (茶山) on the northeast side. After passing it, sail on a course of 142.5º (巽巳, SSE) for 9.6 hours (4 更) until you see Gutzlaff Island (大小七山). Keep your soundings in 5 fathoms (6-7 托). Sail on a course of 232.5º (坤申, WSW) & 202.5º (丁未, SSW) for 7.2 hours to (3 更)  reach Tanhu Island (灘山 mislabeled as 霍山). Sail on a course of 180º (午, due south) for 7.2 hours (3 更) to reach Donghuo Island (霍山). Sail on a course of 180º (午, due south) for 14.4 hours (6 更) to reach Xihoumen (西後門). Sail on a course of 142.5° (巽巳, SSE) for 7.2 hours (3 更) to reach Damao Island (大磨山). Sail on a course of 112.5º (乙辰, ESE) for 2.4 hours (1 更) to pass Xiaomoshan (小磨山), round the Qitou Ocean (崎頭), and reach Shengluo Yuanshan (昇羅嶼). Sail on a course of 202.5º (丁未, SSW) for 2.4 hours (1 更) to exit Shuangyu Port (雙嶼港). Sail on a course of 172.5º (丙午, SSE) for 2.4 hours (1 更) through Xiaoshan Ocean (孝順洋). Follow the 7 fathom (9-9.5 托) contour all the way. There is a reef making waves extending from Jiushan toward the southwest. Sail carefully as you exit.	When level with Zhaobao (near Gaoqiao), steer 105-120 degrees. After 3 watches the ship goes out into the main. Take a sounding 6 or 7 zhang; that is the correct course. You sight Chashan on the northeast side; After passing it steer 135-150 degrees; after 4 watches the ship sights Da (Daqishan, 30o 48' N) and Xiao qishan (Hen and Chicks). Take a sounding, 6 or 7 fathoms. Steer 225-240 degrees, then 195-210 degrees. After 3 watches the ship makes Tanshan (Tanhushan). Steer exactly 180 degrees. After 3 watches the ship makes Heshan (Dongheshan, 30o 15' N). Steering exactly 180 degrees, the ship enters Xihoumen (Blackwall pass). Steer 135-150 degrees; after 3 watches the ship makes Damoshan (Damaoshan, 29o 56' N). Steer 105-120 degrees. After 1 watch the ship makes Xiaomoshan (Xiaomaoshan), rounds Qitou 29o 53' N), and makes Shenglexu (Xingleshan). Steer 195-210 degrees. After 1 watch the ship goes out through Shangxu jiang (Duffield pass). Steer 165-180 degrees. After 1 watch the ship makes Xiaoshunyang (northern portion of Niubishan channel). Take soundings all along the route. The depth is 9 fathoms when you are level with Jiushan (Kueshan) islands. Opposite to Jiushan on the southwest side there is one sunken rock which shows above the water when the waves break on it (Heijiao, Holderness rocks). Navigate the ship carefully in all directions.		<li>平《招寶》，用乙辰針，三更船出洪。</li><li>打水丈六七正路。</li><li>見《茶山》在東北。</li><li>邊過，用巽巳針，四更船見《大小七山》。</li><li>打水六七托。</li><li>用坤申及丁未針，三更船取《霍山》。</li><li>用丹午針，三更船取《(東)霍山》。</li><li>用丹午針，六(更船取)《西後門》。</li><li>用巽巳針，三更船取《大磨山》。</li><li>用乙辰針，一更船取《小磨山》轄《崎頭》《昇羅嶼》。</li><li>用丁未針，一更船出《雙嶼港》。</li><li>用丙午針，一更船取《孝順洋》。</li><li>一路，打水九托九平。</li><li>《九山》對《九山》西南邊，有一沆礁打浪。</li><li>有一沆礁打浪出水打船仔細。</li>	<li>When level with Zhaobao (招寶), sail on a course of 112.5º (乙辰, ESE) for 7.2 hours (3 更) to exit the main current.</li><li>The 5 fathom (6-7 托) contour is the correct course to the mouth of the river.</li><li>You will sight Sheshan Island (茶山) on the northeast side.</li><li>After passing it, sail on a course of 142.5º (巽巳, SSE) for 9.6 hours (4 更) until you see Gutzlaff Island (大小七山).</li><li>Keep your soundings in 5 fathoms (6-7 托).</li><li>Sail on a course of 232.5º (坤申, WSW) & 202.5º (丁未, SSW) for 7.2 hours to (3 更)  reach Tanhu Island (灘山 mislabeled as 霍山).</li><li>Sail on a course of 180º (午, due south) for 7.2 hours (3 更) to reach Donghuo Island (霍山).</li><li>Sail on a course of 180º (午, due south) for 14.4 hours (6 更) to reach Xihoumen (西後門).</li><li>Sail on a course of 142.5° (巽巳, SSE) for 7.2 hours (3 更) to reach Damao Island (大磨山).</li><li>Sail on a course of 112.5º (乙辰, ESE) for 2.4 hours (1 更) to pass Xiaomoshan (小磨山), round the Qitou Ocean (崎頭), and reach Shengluo Yuanshan (昇羅嶼).</li><li>Sail on a course of 202.5º (丁未, SSW) for 2.4 hours (1 更) to exit Shuangyu Port (雙嶼港).</li><li>Sail on a course of 172.5º (丙午, SSE) for 2.4 hours (1 更) through Xiaoshan Ocean (孝順洋).</li><li>Follow the 7 fathom (9-9.5 托) contour all the way.</li><li>There is a reef making waves extending from Jiushan toward the southwest.</li><li>Sail carefully as you exit.</li>
jiushan-dongtou	Jiushan Archipelago, Zhejiang to Dongtou Island	https://www.loc.gov/resource/g7821rm.gct00058/?sp=5&r=0.91,0.596,0.085,0.164,270	out	檀頭山,江片礁,大佛頭山,東西崎山,羊琪,大陳,三母,直谷山,石塘山,狹山山,黄山,中界山	用辛午針，二更船平《檀頭山》。 東邊有《江片礁》，西邊見《大佛頭山》。 平《東西崎山》，用丁午針，五更船平《羊琪》及《大陳》《三母》。 黄礁前見《直谷山》。 用丁未針，二更船平《石塘山》。 用丁未針，三更船平《狹山》外渦。 用坤未針，二更船取《黄(礁)山》。 打水十七八托平《中界山》。	Sail on a course of 172.5º (丙午 mislabeled as 辛午?, SSE) for 4.8 hours (2 更), until even with Tantoushan Island (檀頭山). Jiangpian Reef is on the east side. Look for Hua'ao Island (大佛頭山) on the west side. Even with the Dongji Archipelago (東西崎山), sail on a course of 187.5º (丁午, SSW) for 12 hours (5 更) to be even with Yangqi Island (羊琪), Xiadachen Island (大陳), and Shangdachen Island (三母). In front of Yellow Reef, look for Jigu Island (直谷山). Sail on a course of 202.5º (丁未, SSW) for 4.8 hours (2 更) to be even with Niushan Island (石塘山). Sail on a course of 202.5º (丁未, SSW) for 7.2 hours (3 更) to be to pass outside Pishan Island (狹山). Sail on a course of 217.5º (坤未, SSW) for 4.8 hours (2 更) to reach Huangjiaodao (黄山). Follow the 13 fathom (17-18 托) contour when passing Dongtou Island (中界山).	After 2 watches the ship is level with Tantou shan (29º 10' N). On the east side is Jiangbianjiao; on the west side you see Dafoshan (Dafutou). When you are level with Dongxi qi shan (Dong Jishan and Gaodao), steer 195-180 degrees. After 5 watches the ship is level with Yangqi (Pingfeng shan) and Dachen (Xia Da chen shan) and San mu (Shang Da chen shan, 28º 30' N), and Huangjiao (Shangxu). In front you see Zhigushan; steer 195-210 degrees; after 2 watches the ship is level with Shitang shan (Niushan). Steer 195-210 degrees. After 3 watches the ship is level with Xiashan (Pishan, 28º 05' N) and passes it on the outside. Steer 225-210 degrees. After 2 watches the ship is level with Huangshan (Banmianshan?). Take a sounding, 17-18 fathoms. The ship is level with Zhongjieshan (Beiceshan?)		<li>用辛午針，二更船平《檀頭山》。</li><li>東邊有《江片礁》，西邊見《大佛頭山》。</li><li>平《東西崎山》，用丁午針，五更船平《羊琪》及《大陳》《三母》。</li><li>黄礁前見《直谷山》。</li><li>用丁未針，二更船平《石塘山》。</li><li>用丁未針，三更船平《狹山》外渦。</li><li>用坤未針，二更船取《黄(礁)山》。</li><li>打水十七八托平《中界山》。</li>	<li>Sail on a course of 172.5º (丙午 mislabeled as 辛午?, SSE) for 4.8 hours (2 更), until even with Tantoushan Island (檀頭山).</li><li>Jiangpian Reef is on the east side. Look for Hua'ao Island (大佛頭山) on the west side.</li><li>Even with the Dongji Archipelago (東西崎山), sail on a course of 187.5º (丁午, SSW) for 12 hours (5 更) to be even with Yangqi Island (羊琪), Xiadachen Island (大陳), and Shangdachen Island (三母).</li><li>In front of Yellow Reef, look for Jigu Island (直谷山).</li><li>Sail on a course of 202.5º (丁未, SSW) for 4.8 hours (2 更) to be even with Niushan Island (石塘山).</li><li>Sail on a course of 202.5º (丁未, SSW) for 7.2 hours (3 更) to be to pass outside Pishan Island (狹山).</li><li>Sail on a course of 217.5º (坤未, SSW) for 4.8 hours (2 更) to reach Huangjiaodao (黄山).</li><li>Follow the 13 fathom (17-18 托) contour when passing Dongtou Island (中界山).</li>
dongtou-fuying	Dongtou Island, Zhejiang to Fuying Island, Fujian	https://www.loc.gov/resource/g7821rm.gct00058/?sp=6&r=0.916,0.64,0.085,0.165,270	out	東洛山,南己山,臺山,東乗西乗山,芙蓉山	用坤未針一更船取《東洛山》。 用坤未針一更船取《南己山》外渦船。 用丹坤及坤未針三更船取《臺山》。 打水二十托。 用坤未針三更船取《東乗西乗山》。 用坤未針二更船取《芙蓉山》。	Sail on a course of 217.5º (坤未, SSW) for 2.4 hours (1 更) to reach Beiji Island (東洛山). Sail on a course of 217.5º (坤未, SSW) for 2.4 hours (1 更) to pass outside Nanji Island (南己山). Sail on a course of 225º (坤, SW) for 7.2 hours (3 更) to reach Taishan Island. (臺山) Follow the 14 fathom (20 托) contour through the channel. Sail on a course of 217.5º (坤未, SSW) for 7.2 hours (3 更) to reach Nanshuang (東乗) and Beishuang (西乗) Islands. Sail on a course of 217.5º (坤未, SSW) for 4.8 hours (2 更) to reach Fuying Island (芙蓉山).	Steer 225-210 degrees. After 1 watch the ship makes Dongleshan (Beijishan).  Steer 225-210 degrees. After 1 watch the ship makes Nanjishan (27º 28' N), and the ship passes outside it. Steer exactly 225 degrees, then 225-210 degrees. After 3 watches the ship makes Taishan (26º 59' N), take a sounding, 20 fathoms. Steer 225-210 degrees, after 3 watches the ship makes Dongqi (Nanshuangdao) and Xiqishan (Beishuangdao).  Steer 225-210 degrees; after 2 watches the ship makes Furongshan (Fuyingshan), and passes outside it. 		<li>用坤未針一更船取《東洛山》。</li><li>用坤未針一更船取《南己山》外渦船。</li><li>用丹坤及坤未針三更船取《臺山》。</li><li>打水二十托。</li><li>用坤未針三更船取《東乗西乗山》。</li><li>用坤未針二更船取《芙蓉山》。</li>	<li>Sail on a course of 217.5º (坤未, SSW) for 2.4 hours (1 更) to reach Beiji Island (東洛山).</li><li>Sail on a course of 217.5º (坤未, SSW) for 2.4 hours (1 更) to pass outside Nanji Island (南己山).</li><li>Sail on a course of 225º (坤, SW) for 7.2 hours (3 更) to reach Taishan Island. (臺山)</li><li>Follow the 14 fathom (20 托) contour through the channel.</li><li>Sail on a course of 217.5º (坤未, SSW) for 7.2 hours (3 更) to reach Nanshuang (東乗) and Beishuang (西乗) Islands.</li><li>Sail on a course of 217.5º (坤未, SSW) for 4.8 hours (2 更) to reach Fuying Island (芙蓉山).</li>
xiyang-beijiao	Xiyang Island, Fujian to Beijiao	https://www.loc.gov/resource/g7821rm.gct00058/?sp=7&r=0.905,0.54,0.092,0.177,270	out	洪山,北交	外渦平《洪山》，用坤申針及丹坤針，二更船取《北交》。	Passing outside Xiyang Island (洪山), follow the course 232.5º (坤申, WSW) & 225º (坤, SW) and sail 4.8 hours (2 更) to reach Beijiao (北交).	When level with Hongshan (Zhizhudao), steer 225-240 degrees and then exactly 225 degrees. After 2 watches the ship makes Beijiao (Beiling sijiao, 26º 22' N)		<li>外渦平《洪山》，用坤申針及丹坤針，二更船取《北交》。</li>	<li>Passing outside Xiyang Island (洪山), follow the course 232.5º (坤申, WSW) & 225º (坤, SW) and sail 4.8 hours (2 更) to reach Beijiao (北交).</li>
beiji-huangwan	Beiji Island, Zhejiang to Huangwan Island, Fujian	https://www.loc.gov/resource/g7821rm.gct00058/?sp=6&r=0.793,0.641,0.085,0.165,270	out	東洛山門,鳳凰山,南己山,臺山,東乗,芙蓉山,小西洋山	《東洛山門》內過，用庚申及坤申針，一更船平《鳳凰山》過《南己山》。 打水十三托。 用坤未針，三更船取《臺山》內過。 用坤未針，三更船取《東乗》內過。 船取坤未針，二更船取《芙蓉山》內過。 用丁未針，一更船過《小西洋山》。	Passing inside of Beiji Island (東洛山), sail on a course of 247.5º (庚申, WSW) and 232.5º (坤申, WSW) for 2.4 hours (1 更) to pass Phoenix Island (鳳凰山) and Nanji Island (南己山). Follow the 22 fathom (30 托) contour through the channel. Sail on a course of 217.5º (坤未, SSW) for 7.2 hours (3 更) to pass insideTaishan Island (臺山). Sail on a course of 217.5º (坤未, SSW) for 7.2 hours (3 更) to pass inside Nanshuang Island (東乗). Sail on a course of 217.5º (坤未, SSW) for 4.8 hours (2 更) to pass inside Fuying Island (芙蓉山). Sail on a course of 202.5º (丁未, SSW) for 2.4 hours (1 更) to pass Huangwan Island (小西洋山).	Passing within Dongleshan men (the passage westward of Beijishan), steer 255-240 degrees, and then 225-240 degrees. After 1 watch the ship is level with Fenghuangshan (27º 41' N). On passing Nanjishan (27º 28' N) take a sounding 13 fathoms. Steer 225-210 degrees; after 3 watches the ship makes Taishan (26º 59' N) and passes inside it. Steer 225-210 degrees. After 3 watches the ship makes Dongqi (Nanshuangdao), and passes inside it. The ship steers 225-210 degrees, and after 2 watches the ship makes Furongshan (Fuyingshan) and passes inside it. Steer 195-210 degrees. After 1 watch the ship passes Xiao xi yang shan (Isimasidao). 		<li>《東洛山門》內過，用庚申及坤申針，一更船平《鳳凰山》過《南己山》。</li><li>打水十三托。</li><li>用坤未針，三更船取《臺山》內過。</li><li>用坤未針，三更船取《東乗》內過。</li><li>船取坤未針，二更船取《芙蓉山》內過。</li><li>用丁未針，一更船過《小西洋山》。</li>	<li>Passing inside of Beiji Island (東洛山), sail on a course of 247.5º (庚申, WSW) and 232.5º (坤申, WSW) for 2.4 hours (1 更) to pass Phoenix Island (鳳凰山) and Nanji Island (南己山).</li><li>Follow the 22 fathom (30 托) contour through the channel.</li><li>Sail on a course of 217.5º (坤未, SSW) for 7.2 hours (3 更) to pass insideTaishan Island (臺山).</li><li>Sail on a course of 217.5º (坤未, SSW) for 7.2 hours (3 更) to pass inside Nanshuang Island (東乗).</li><li>Sail on a course of 217.5º (坤未, SSW) for 4.8 hours (2 更) to pass inside Fuying Island (芙蓉山).</li><li>Sail on a course of 202.5º (丁未, SSW) for 2.4 hours (1 更) to pass Huangwan Island (小西洋山).</li>
huangwan-dinghai	Huangwan Island, Fujian to Dongchong Peninsula	https://www.loc.gov/resource/g7821rm.gct00058/?sp=7&r=0.713,0.54,0.085,0.163,270	out	北交頭門,定海	用丁午針，一更船取《北交頭門》。 內過沿山，取《定海》所前過。	Sail on a course of 187.5º (丁午, SSW) for 2.4 hours (1 更) to reach Beijiao Channel (北交頭門). Go in, along the island to pass in front of Dinghai (定海).	Steer 195-180 degrees. After 1 watch the ship makes Beijiaotou men (the passage between Beilingisjiao and Beixu (is), 26º 22' N). Pass within it. Follow the mountains, make Dinghaisuo (Dinghaitown) and pass in front of it.		<li>用丁午針，一更船取《北交頭門》。</li><li>內過沿山，取《定海》所前過。</li>	<li>Sail on a course of 187.5º (丁午, SSW) for 2.4 hours (1 更) to reach Beijiao Channel (北交頭門).</li><li>Go in, along the island to pass in front of Dinghai (定海).</li>
around-wuhushan	Around Wuhu Reef, Fujian	https://www.loc.gov/resource/g7821rm.gct00058/?sp=7&r=0.361,0.662,0.085,0.163,270	out	五虎山	用丁午針，二更船取《五虎山》。	Sail on a course of 187.5º (丁午, SSW) for 4.8 hours (2 更) to reach Wuhu Reef (五虎山).	Steer 195-180 degrees. After 2 watches the ship makes Wuhushan (Huangqishan, 26º 05' N).		<li>用丁午針，二更船取《五虎山》。</li>	<li>Sail on a course of 187.5º (丁午, SSW) for 4.8 hours (2 更) to reach Wuhu Reef (五虎山).</li>
wuhu-niushan	Wuhu Reef, Fujian to Niushan	https://www.loc.gov/resource/g7821rm.gct00058/?sp=7&r=0.221,0.647,0.085,0.163,270	out	官塘,東沙,東沙,牛山	用乙辰針，平《官塘》二礁外渦。 用丙巳針，取《東沙》。 《東沙》用丹巳針，三更船平《牛山》。	Sail on a course of 112.5º (乙辰, ESE) to pass ouside the Jixingjiao (官塘) second reef. Sail on a course of 157.5º (丙巳, SSE) to reach Juguang Township (東沙). From Juguang Township (東沙), sail on a course of 150º (巳, SSE) for 7.2 hours (3 更) to be even with Niushan Island (牛山).	Steer 105-120 degrees; come level with the two rocks called Guantang (Jixingjiao, 26º 05' N), and pass outside them. Steer 165-150, make Dongsha (Xichuandao). From Dongsha steer exactly 150 degrees; after 3 watches the ship is level with Niushan (25º 25' N).		<li>用乙辰針，平《官塘》二礁外渦。</li><li>用丙巳針，取《東沙》。</li><li>《東沙》用丹巳針，三更船平《牛山》。</li>	<li>Sail on a course of 112.5º (乙辰, ESE) to pass ouside the Jixingjiao (官塘) second reef.</li><li>Sail on a course of 157.5º (丙巳, SSE) to reach Juguang Township (東沙).</li><li>From Juguang Township (東沙), sail on a course of 150º (巳, SSE) for 7.2 hours (3 更) to be even with Niushan Island (牛山).</li>
aceh-kepulauanarwah	Aceh, Indonesia to Kepulauan Arwah	https://www.loc.gov/resource/g7821rm.gct00058/?sp=16&r=0.694,0.509,0.083,0.125,90	in	蘇門答剌,急水湾,巴碌頭,甘杯港,亞路,單嶼,雙嶼,雞骨嶼	《蘇門答剌》開船， 用丑艮及乙艮針，五更船平《急水湾》。 《巴碌頭》有淺。 用艮巽針，五更船取《甘杯港》。 用艮巽針，十五更船平《亞路》。 用乙艮針，五更船取《單嶼》。 再用艮巽針，四更船取《雙嶼》。 用丹巽及辰巽針，十五更船取《雞骨嶼》。	Sailing from the opening of Samudera Pasai (蘇門答剌, Lhokseumawe), Sail on a course of 37.5º (丑艮, NNE) and 112.5º (乙辰, ESE) for 12 hours (5 更) to even with Meunasah Asan (急水湾). Peureulak Sultanate (巴碌頭, East Aceh) has shallows. Sail on a course of 127.5º (辰巽, ESE) for 12 hours (5 更) to reach Kampei Port (甘杯港, Kuala Langsa). Sail on a course of 127.5º (辰巽, ESE) for 36 hours (15 更) to even with Aru Kingdom (亞路, Medan). Sail on a course of 112.5º (乙辰, ESE) for 12 hours (5 更) to reach Pulau Berhala (單嶼). Then, sail on a course of 127.5º (辰巽, ESE) for 9.6 hours (4 更) to reach The Brothers (雙嶼). Sail on a course of 135º (巽, SE) and 127.5º (辰巽, ESE) for 36 hours (15 更) to reach Kepulauan Arwah (雞骨嶼).	The ship starts from Sumendala [Kuala Pasai, 97° 13' E]; steer 30°-45° and [then] 105°-120°; after 5 watches the ship is level with Jishuiwan [Udjung Djambuaje, 5° 15' N] [and then] Balu tou [Udjung Peureula, 4° 54' N]; there are shoals.  Steer 120°-135°; after 5 watches the ship makes Ganbeijiang [Kumpai roadstead, 4° 11' N]. Steer 120°-135°; after 15 watches the ship is level with Yalu [Deli River, 3° 47' N]. Steer 105°-120°; [f. 16v] after 5 watches the ship makes Danxu [Berhala island, 3° 46' N]. [f. 17] Again steer 120°-135°; after 4 watches the ship makes Shuangxu [the Brothers, ca 3° 23' N]. Steer exactly 135° and [then] 120° [f. 16v]-135°; after 15 watches the ship makes Jiguxu [Aruah islands, 2° 53' N].		<li>《蘇門答剌》開船，</li><li>用丑艮及乙艮針，五更船平《急水湾》。</li><li>《巴碌頭》有淺。</li><li>用艮巽針，五更船取《甘杯港》。</li><li>用艮巽針，十五更船平《亞路》。</li><li>用乙艮針，五更船取《單嶼》。</li><li>再用艮巽針，四更船取《雙嶼》。</li><li>用丹巽及辰巽針，十五更船取《雞骨嶼》。</li>	<li>Sailing from the opening of Samudera Pasai (蘇門答剌, Lhokseumawe),</li><li>Sail on a course of 37.5º (丑艮, NNE) and 112.5º (乙辰, ESE) for 12 hours (5 更) to even with Meunasah Asan (急水湾).</li><li>Peureulak Sultanate (巴碌頭, East Aceh) has shallows.</li><li>Sail on a course of 127.5º (辰巽, ESE) for 12 hours (5 更) to reach Kampei Port (甘杯港, Kuala Langsa).</li><li>Sail on a course of 127.5º (辰巽, ESE) for 36 hours (15 更) to even with Aru Kingdom (亞路, Medan).</li><li>Sail on a course of 112.5º (乙辰, ESE) for 12 hours (5 更) to reach Pulau Berhala (單嶼).</li><li>Then, sail on a course of 127.5º (辰巽, ESE) for 9.6 hours (4 更) to reach The Brothers (雙嶼).</li><li>Sail on a course of 135º (巽, SE) and 127.5º (辰巽, ESE) for 36 hours (15 更) to reach Kepulauan Arwah (雞骨嶼).</li>
kepulauanarwah-malacca	Kepulauan Arwah, Indonesia to Malacca, Malaysia	https://www.loc.gov/resource/g7821rm.gct00058/?sp=15&r=0.557,0.394,0.084,0.126,90	in	雞骨嶼,綿花淺,綿花(嶼),滿剌加	取《雞骨嶼》，用丹辰及辰乙針，三更船平《綿花淺》。 用乙辰及丹辰針，三更船平《綿花(嶼)》。 用辰巽針，十更船平《滿剌加》。	Upon reaching Kepulauan Arwah, sail on a course of 120º (辰, ESE) and 112.5º (辰乙, ESE) for 7.2 hours (3 更) to even with Amazon Maru Shoal (綿花淺). Sail on a course of 112.5º (乙艮, ESE) and 120º (辰, ESE) for 7.2 hours (3 更) to even with Bukit Jugra (綿花). Sail on a course of 127.5º (辰巽, ESE) for 12 hours (5 更) to even with Malacca (滿剌加).	After making Jiguxu, steer exactly 120° and [then] 120°-105°; after 3 watches the ship is level with Mianhua qian [Amazon Maru shoal, 2° 51' N]. Steer 105°-120° and [then] exactly 120°; [f. 16] after 3 watches [f. 16v] the ship is level with Mianhua qian [read Mianhua xu, 'Cotton island', Bukit Jugra, 2° 51' N]. Steer 120°-135°; [f. 16] after 10 watches the ship is level with Manlajia [Malacca, 2° 12' N]. 		<li>取《雞骨嶼》，用丹辰及辰乙針，三更船平《綿花淺》。</li><li>用乙辰及丹辰針，三更船平《綿花(嶼)》。</li><li>用辰巽針，十更船平《滿剌加》。</li>	<li>Upon reaching Kepulauan Arwah, sail on a course of 120º (辰, ESE) and 112.5º (辰乙, ESE) for 7.2 hours (3 更) to even with Amazon Maru Shoal (綿花淺).</li><li>Sail on a course of 112.5º (乙艮, ESE) and 120º (辰, ESE) for 7.2 hours (3 更) to even with Bukit Jugra (綿花).</li><li>Sail on a course of 127.5º (辰巽, ESE) for 12 hours (5 更) to even with Malacca (滿剌加).</li>
malacca-karimun	Malacca, Malaysia to Great Karimun, Indonesia	https://www.loc.gov/resource/g7821rm.gct00058/?sp=14&r=0.07,0.366,0.107,0.127,90	in	滿剌加,射箭山,毘宋嶼,吉利	《滿剌加》開船，用辰巽針，五更船平《射箭山》。 用辰巽針，三更船平《毘宋嶼》。 用丹巽針，取《吉利》。	From the entrance to Malacca (滿剌加), sail on a course of 127.5º (辰巽, ESE) for 12 hours (5 更) to be even with Mount Banang (射箭山). Sail on a course of 127.5º (辰巽, ESE) for 7.2 hours (3 更) to be even with Pisang Island (毘宋嶼). Sail on a course of 135º (巽, SE) to reach Great Karimun (吉利).	The ship starts from Manlajia; steer 120°-135°; after 5 watches the ship is level with Shejianshan [Bukit Banang, 1° 48' N]. Steer 120°-135°; after 3 watches the ship is level with Pisongxu [Pulau Pisang, 1° 28' N]. Steer exactly 135°, and make Jili [read Jilimen, Little Karimun island, 1° 08' N].		<li>《滿剌加》開船，用辰巽針，五更船平《射箭山》。</li><li>用辰巽針，三更船平《毘宋嶼》。</li><li>用丹巽針，取《吉利》。</li>	<li>From the entrance to Malacca (滿剌加), sail on a course of 127.5º (辰巽, ESE) for 12 hours (5 更) to be even with Mount Banang (射箭山).</li><li>Sail on a course of 127.5º (辰巽, ESE) for 7.2 hours (3 更) to be even with Pisang Island (毘宋嶼).</li><li>Sail on a course of 135º (巽, SE) to reach Great Karimun (吉利).</li>
karimun-singaporestrait	Great Karimun, Indonesia to Singapore Strait	https://www.loc.gov/resource/g7821rm.gct00058/?sp=14&r=0.491,0.436,0.107,0.127,90	in		《吉利門》五更船，用乙辰及丹辰針，取《長腰嶼》。 出《龍牙門》。	From Karimun Channel (吉利門), sail on a course of 112.5º (乙辰, ESE) and 120º (辰, ESE) for 12 hours (5 更) to reach Pulau Satumu (長腰嶼). Exit at Singapore Strait (龍牙門).	From Jilimen [Little Karimun island, 103° 24' E], for 5 watches the ship steers 105°-120° and [then] exactly 120°, makes Changyao xu [Pulau Satumu, Raffles Lighthouse], and goes out through Longya strait. 		<li>《吉利門》五更船，用乙辰及丹辰針，取《長腰嶼》。</li><li>出《龍牙門》。</li>	<li>From Karimun Channel (吉利門), sail on a course of 112.5º (乙辰, ESE) and 120º (辰, ESE) for 12 hours (5 更) to reach Pulau Satumu (長腰嶼).</li><li>Exit at Singapore Strait (龍牙門).</li>
singaporestrait-pedrabranca	Singapore Strait to Pedra Branca, Singapore	https://www.loc.gov/resource/g7821rm.gct00058/?sp=14&r=0.832,0.353,0.107,0.127,90	in		《龍牙門》，用甲卯針，五更船取《白礁》。	From Singapore Strait (龍牙門), sail on a course of 82.5º (甲卯, ENE) for 12 hours (5 更) to reach Pedra Branca (白礁).	From Longya strait, steering 75°-90° [f. 15] for 5 watches, the ship makes Baijiao [Pedra Branca, 104° 24' E].		<li>《龍牙門》，用甲卯針，五更船取《白礁》。</li>	<li>From Singapore Strait (龍牙門), sail on a course of 82.5º (甲卯, ENE) for 12 hours (5 更) to reach Pedra Branca (白礁).</li>
pedrabranca-pulauaur	Pedra Branca, Singapore to Pulau Aur, Malaysia	https://www.loc.gov/resource/g7821rm.gct00058/?sp=13&r=0.018,0.338,0.107,0.127,90	in		《白礁》過用癸丑及丹癸針五更船平《東竹山》外過。	When passing Pedra Branca (白礁), sail on a course of 22.5º (癸丑, NNE) and 15º (癸, NNE) for 12 hours (5 更) to pass outside Pulau Aur (東竹山).	After passing Baijiao [Pedra Branca, 1º 19' N] steer 15º-30º and [then] exactly 15º; after 5 watches the ship is level with Dongzhu shan [Pulau Aur, 2º 26' N], and passes outside it. 		<li>《白礁》過用癸丑及丹癸針五更船平《東竹山》外過。</li>	<li>When passing Pedra Branca (白礁), sail on a course of 22.5º (癸丑, NNE) and 15º (癸, NNE) for 12 hours (5 更) to pass outside Pulau Aur (東竹山).</li>
pulauaur-conlon	Pulau Aur, Malaysia to Côn Lôn, Vietnam	https://www.loc.gov/resource/g7821rm.gct00058/?sp=13&r=0.33,0.344,0.085,0.164,90	in		《東竹山》過，用子丑及丹癸針，船取《崑崙山》外過。	When passing Pulau Aur (東竹山) sail on a course of 352.5º (子壬 mistakenly written as 子丑, NNW) and 15º (癸, NNE) to pass outside Côn Lôn (崑崙山).	After passing Dongzhu shan, steer 0°-30° and [then] exactly 15°; [f 14v] the ship makes Kunlun shan [Grand Condore, 8° 41' N], and passes outside it. [f. 13]		<li>《東竹山》過，用子丑及丹癸針，船取《崑崙山》外過。</li>	<li>When passing Pulau Aur (東竹山) sail on a course of 352.5º (子壬 mistakenly written as 子丑, NNW) and 15º (癸, NNE) to pass outside Côn Lôn (崑崙山).</li>
conlon-muidinh	Côn Lôn, Vietnam to Mũi Dinh	https://www.loc.gov/resource/g7821rm.gct00058/?sp=11&r=0.123,0.523,0.084,0.103,90	in		《崑崙山》外渦，用癸丑針，十五更船取《赤坎山》。 用丑艮及丹艮。	When passing outside Côn Lôn (崑崙山), sail on a course of 22.5º (癸丑, NNW) for 36 hours (15 更) to reach Point Kê Gà (赤坎山). Sail on a course of 37.5º (丑艮, NNE) and 45º (艮, NE).	After passing on the outside of Kunlun shan steer 15°-30°; after 15 watches the ship makes Chikan shan [Point Ke Ga, 10° 41' N, 107° 59' E]. Steer 30°-45° and [then] exactly 45°		<li>《崑崙山》外渦，用癸丑針，十五更船取《赤坎山》。</li><li>用丑艮及丹艮。</li>	<li>When passing outside Côn Lôn (崑崙山), sail on a course of 22.5º (癸丑, NNW) for 36 hours (15 更) to reach Point Kê Gà (赤坎山).</li><li>Sail on a course of 37.5º (丑艮, NNE) and 45º (艮, NE).</li>
dabia-nhonhai	Đá Bia Mountain, Vietnam to Nhơn Hải Peninsula	https://www.loc.gov/resource/g7821rm.gct00058/?sp=11&r=0.749,0.605,0.085,0.163,90	in		《靈山》，用壬子及丹壬針，五更船平《洋嶼》取《筊杯山(嶼)》。	From Đá Bia Mountain (靈山), sail on a course of 352.5º (壬子, NNW) and 345º (壬, NNW) for 12 hours (5 更) until even with Cù lao Xanh (洋嶼) and reach the Nhơn Hải Peninsula (筊杯山).	[f. 12v] From Lingshan steer 345°-360° and [then] exactly 345°; after 5 watches the ship [f 12] is level with Yangxu [Poulo Gambir, 13° 37' N], and [then] makes Jiaobeishan [Nui Ong Co and Nui Ong Can, 13° 54' N].		<li>《靈山》，用壬子及丹壬針，五更船平《洋嶼》取《筊杯山(嶼)》。</li>	<li>From Đá Bia Mountain (靈山), sail on a course of 352.5º (壬子, NNW) and 345º (壬, NNW) for 12 hours (5 更) until even with Cù lao Xanh (洋嶼) and reach the Nhơn Hải Peninsula (筊杯山).</li>
nhonhai-culaore	Nhơn Hải Peninsula, Vietnam to Cù-Lao Ré Island	https://www.loc.gov/resource/g7821rm.gct00058/?sp=10&r=0.197,0.731,0.109,0.134,90	in		《筊杯山(嶼)》，用壬子針，七更船取《外羅山》外過。	From the Nhơn Hải Peninsula (筊杯山), sail on a course of 352.5º (壬子, NNW) for 21.6 hours (9 更) to pass outside Cù-Lao Ré Island (外羅山).	From Jiaobeishan steer 345°-360°; after 7 watches the ship makes Wailuoshan [Culao Re, 15° 23' N], and passes outside it.		<li>《筊杯山(嶼)》，用壬子針，七更船取《外羅山》外過。</li>	<li>From the Nhơn Hải Peninsula (筊杯山), sail on a course of 352.5º (壬子, NNW) for 21.6 hours (9 更) to pass outside Cù-Lao Ré Island (外羅山).</li>
culaore-dazhou	Cù-Lao Ré Island, Vietnam to Dazhou Island, Hainan	https://www.loc.gov/resource/g7821rm.gct00058/?sp=10&r=0.697,0.685,0.084,0.103,90	in		《外羅山》內過，(用)癸丑及单癸針，二十一更船平《獨豬山》。	When passing inside Cù-Lao Ré Island (外羅山), sail on a course of 22.5º (癸丑, NNW) and 15º (癸, NNE) for 50.4 hours (21 更) until even with Dazhou Island (獨豬山).	[f 11v] Passing on the inside of Wailuoshan, [steer] 15°-30° and [then] exactly 15°; after 21 watches the ship is level with Duzhushan [Dazhoudao, 18° 40' N, 110° 28' E].		<li>《外羅山》內過，(用)癸丑及单癸針，二十一更船平《獨豬山》。</li>	<li>When passing inside Cù-Lao Ré Island (外羅山), sail on a course of 22.5º (癸丑, NNW) and 15º (癸, NNE) for 50.4 hours (21 更) until even with Dazhou Island (獨豬山).</li>
dazhou-pedroblanco	Dazhou Island, Hainan to Pedro Blanco, Guangdong	https://www.loc.gov/resource/g7821rm.gct00058/?sp=9&r=0.13,0.664,0.084,0.104,90	in		《獨豬山》，(用)丹艮針，五更船。 用艮寅針，十更船平《大星尖》外過。	From Dazhou Island (獨豬山), sail on a course of 45º (艮, NE) for 12 hours (5 更). Sail on a course of 52.5º (艮寅, ENE) for 24 hours (10 更) to be level with Pedro Blanco (大星尖), on the outside.	From Duzhushan (Dazhoudao, 18º 40' N, 110º 28' E), steer exactly 45 degrees for 5 watches; the ship steers 45-60 degrees for 10 watches, [other books indicate that the total of 15 watches shold be changed to 25.] comes level with Daxingjian (Pedro Blanco, 22º 19' N), and passes outside it.		<li>《獨豬山》，(用)丹艮針，五更船。</li><li>用艮寅針，十更船平《大星尖》外過。</li>	<li>From Dazhou Island (獨豬山), sail on a course of 45º (艮, NE) for 12 hours (5 更).</li><li>Sail on a course of 52.5º (艮寅, ENE) for 24 hours (10 更) to be level with Pedro Blanco (大星尖), on the outside.</li>
pedroblanco-taiwu	Pedro Blanco, Guangdong to Taiwu Mountian, Fujian	https://www.loc.gov/resource/g7821rm.gct00058/?sp=9&r=0.583,0.652,0.084,0.104,90	in		《大星尖》，用丹寅針，十五更船平《南粵山》。 《外平山》外過，用寅針，三更船平《大甘》《小甘》外過。 用丹艮針，四更船平《大武山》。	From Pedro Blanco (大星尖), sail on a course of 60º (寅, ENE) for 36 hours (15 更) until even with Nan'ao Island (南粵山). Passing outside the Nanpang Islands (外平山), sail on a course of 60º (寅, ENE) for 7.6 hours (3 更) to pass outside The Brothers (大甘小甘). Sail on a course of 45º (艮, NE) for 9.6 hours (4 更) until even with Taiwu Mountian (大武山).	From Daxingjian steer exactly 60 degrees. After 15 watches the ship is level with Nan'ao shan (23º 25' N) and Waipengshan (Nanpingdao) and passes outside them.  Steer 45 to 60 degrees, after 3 watches the ship is level with Dagan and Xiaogan (Brothers islands, 23º 33' N) and passes outside them.  Steer exactly 45 degrees; after 4 watches the ship is level with Dawushan (24º 20' N). 		<li>《大星尖》，用丹寅針，十五更船平《南粵山》。</li><li>《外平山》外過，用寅針，三更船平《大甘》《小甘》外過。</li><li>用丹艮針，四更船平《大武山》。</li>	<li>From Pedro Blanco (大星尖), sail on a course of 60º (寅, ENE) for 36 hours (15 更) until even with Nan'ao Island (南粵山).</li><li>Passing outside the Nanpang Islands (外平山), sail on a course of 60º (寅, ENE) for 7.6 hours (3 更) to pass outside The Brothers (大甘小甘).</li><li>Sail on a course of 45º (艮, NE) for 9.6 hours (4 更) until even with Taiwu Mountian (大武山).</li>
taiwu-wuqiu	Taiwu Mountian, Fujian to Wuqiu, Taiwan	https://www.loc.gov/resource/g7821rm.gct00058/?sp=8&r=0.125,0.67,0.091,0.112,90	in		《大武山》，用丹艮針，七更船平《烏邱山》。	From Taiwu Mountian (大武山), sail on a course of 45º (艮, NE) for 16.8 hours (7 更) until even with Wuqiu Township (烏邱山).	From Dawushan steer exactly 45 degrees; after 7 watches the ship is level with Wuqiushan (Wuqiuxu, 24º 59' N).		<li>《大武山》，用丹艮針，七更船平《烏邱山》。</li>	<li>From Taiwu Mountian (大武山), sail on a course of 45º (艮, NE) for 16.8 hours (7 更) until even with Wuqiu Township (烏邱山).</li>
wuqiu-juguang	Wuqiu, Taiwan to Juguang	https://www.loc.gov/resource/g7821rm.gct00058/?sp=8&r=0.682,0.689,0.085,0.104,90	in		《烏邱山》，用艮寅針，四更船平《牛山》。 用丑艮針，五更船取《東沙山》。	From Wuqiu Township (烏邱山), sail on a course of 52.5º (艮寅, ENE) for 9.6 hours (4 更) until even with Niushan Island (牛山). Sail on a course of 37.5º (丑艮, NNE) for 12 hours (5 更) to reach Juguang Township (東沙山).	From Wuqiushan steer 45-60 degrees; after 4 watches the ship is level with Niushan, 25º 25' N. Steer 30-45 degrees. After 5 watches, the ship makes Dongshashan (Xichuandao, 25º 58' N).		<li>《烏邱山》，用艮寅針，四更船平《牛山》。</li><li>用丑艮針，五更船取《東沙山》。</li>	<li>From Wuqiu Township (烏邱山), sail on a course of 52.5º (艮寅, ENE) for 9.6 hours (4 更) until even with Niushan Island (牛山).</li><li>Sail on a course of 37.5º (丑艮, NNE) for 12 hours (5 更) to reach Juguang Township (東沙山).</li>
juguang-dongyin	Juguang, Taiwan to Dongyin Island	https://www.loc.gov/resource/g7821rm.gct00058/?sp=7&r=0.095,0.716,0.11,0.135,90	in		《東沙山》，用丑艮針，一更船平《官塘山》。 用丑艮針，一更船《五虎山》。 用丑艮針，三更船取《龜嶼》。 用丑艮針，一更船取《東湧山》外過。	From Juguang Township (東沙山),sail on a course of 37.5º (丑艮, NNE) for 2.4 hours (1 更) until even with Jixingjiao (官塘山). Sail on a course of 37.5º (丑艮, NNE) for 2.4 hours (1 更) to Wuhu Reef (五虎山). Sail on a course of 37.5º (丑艮, NNE) for 7.2 hours (3 更) to Dongsha Island (龜嶼). Sail on a course of 37.5º (丑艮, NNE) for 2.4 hours (1 更) to pass outside Dongyin Island (東湧山).	From Dongshashan steer 30-45 degrees. After 1 watch the ship is level with Guantangshan (Jixingjiao, 26º 05' N). [wrong here; and map is wrong in indicating that Guantangshan is on the east of the course from Dongsha to Guixu.]  Steer 30-45 degrees, after 1 watch the ship makes Wuhushan (Huangqishan).  Steer 30-45 degrees. After 3 watches the ship makes Guixu (Dongsha, 26º 09' N0. Steer 30-45 degrees. After 1 watch the ship makes Dongyongshan (Dongyinshan, 26º 22' N), and passes outside it.		<li>《東沙山》，用丑艮針，一更船平《官塘山》。</li><li>用丑艮針，一更船《五虎山》。</li><li>用丑艮針，三更船取《龜嶼》。</li><li>用丑艮針，一更船取《東湧山》外過。</li>	<li>From Juguang Township (東沙山),sail on a course of 37.5º (丑艮, NNE) for 2.4 hours (1 更) until even with Jixingjiao (官塘山).</li><li>Sail on a course of 37.5º (丑艮, NNE) for 2.4 hours (1 更) to Wuhu Reef (五虎山).</li><li>Sail on a course of 37.5º (丑艮, NNE) for 7.2 hours (3 更) to Dongsha Island (龜嶼).</li><li>Sail on a course of 37.5º (丑艮, NNE) for 2.4 hours (1 更) to pass outside Dongyin Island (東湧山).</li>
dongyin-nanji	Dongyin Island, Taiwan to Nanji Island, Zhejiang	https://www.loc.gov/resource/g7821rm.gct00058/?sp=7&r=0.816,0.777,0.084,0.103,90	in		《東湧山》，用丑艮針，二更船平《東乗山》《西乗山》。 用丑艮針，二更船平《臺山》。 用丑艮針，三更船取《南己》。	From Dongyin Island (東湧山), sail on a course of 37.5º (丑艮, NNE) for 4.8 hours (2 更) until even with Nanshuang (東乗山) and Beishuang (西乗山) Islands. Sail on a course of 37.5º (丑艮, NNE) for 4.8 hours (2 更) until even with Taishan Island (臺山). Sail on a course of 37.5º (丑艮, NNE) for 4.8 hours (2 更) to reach Nanji Island (南己).	From Dongyongshan steer 30-45 degrees. After 2 watches the ship is level with Dongqishan (Nanshuangdao) and Xiqishan (Beishuangdao). Steer 30-45 degrees. After 2 watches the ship is level with Taishan (26º 59' N Steer 30-45 degrees. After 3 watches the ship makes Nanji (27º 28' N) 		<li>《東湧山》，用丑艮針，二更船平《東乗山》《西乗山》。</li><li>用丑艮針，二更船平《臺山》。</li><li>用丑艮針，三更船取《南己》。</li>	<li>From Dongyin Island (東湧山), sail on a course of 37.5º (丑艮, NNE) for 4.8 hours (2 更) until even with Nanshuang (東乗山) and Beishuang (西乗山) Islands.</li><li>Sail on a course of 37.5º (丑艮, NNE) for 4.8 hours (2 更) until even with Taishan Island (臺山).</li><li>Sail on a course of 37.5º (丑艮, NNE) for 4.8 hours (2 更) to reach Nanji Island (南己).</li>
nanji-tantoushan	Nanji Island, Zhejiang to Tantoushan Island	https://www.loc.gov/resource/g7821rm.gct00058/?sp=6&r=0.602,0.778,0.085,0.104,90	in		用丑艮針，二更船取《東洛山》。 用丑艮針，一更船平《中界山》及《黄山》。 用癸丑針，三更船取《狹山》外過。 用癸丑針，三更船平《直谷山》。 用癸丑針，二更船取《羊琪山》及《大陳》《三母山》。 用子癸針，二更船取《東西岳山》。 用子癸針，三更船取《檀頭山》外過。 對開有礁，内外過船。 東北邊有沉礁打辰，子細內外過船。	Sail on a course of 37.5º (丑艮, NNE) for 4.8 hours (2 更) to reach Beiji Island (東洛山). Sail on a course of 37.5º (丑艮, NNE) for 2.4 hours (1 更) until even with Dongtou Island (中界山) and Banpingdao (黄山). Sail on a course of 22.5º (癸丑, NNE) for 7.2 hours (3 更) to pass outside Pishan Island (狹山). Sail on a course of 22.5º (癸丑, NNE) for 7.2 hours (3 更) until even with Jigu Island (直谷山). Sail on a course of 22.5º (癸丑, NNE) for 4.8 hours (2 更) to reach Yangqi (羊琪山), Xiadachen (大陳), and Shangdachen (三母山) Islands. Sail on a course of 7.5º (子癸, NNE) for 4.8 hours (2 更) to reach the Dongji Archipelago (東西岳山). Sail on a course of 7.5º (子癸, NNE) for 7.2 hours (3 更) to pass outside Tantoushan Island (檀頭山). There is a reef far outside; sail inside or outside. The northeast side has a sunken reef making waves, sail inside or outside carefully.	Steer 30-45 degrees. After 2 watches the ship makes Dongleshan (Beijishan) Steer 30-45 degrees. After 1 watch the ship is level with Zhongjieshan (Beiceshan?) and Huangshan (Banmianshan?) Steer 15-30 degrees. After 3 watches the ship makes Xiashan (Pishan), 28º 05' N, and passes outside it. Steer 15-30 degrees. After 3 watches the ship is level with Zhigushan (28º 23' N) Steer 15-30 degrees. After 2 watches the ship makes Yangqishan (Pingfengshan) and Dachen (Xia Da chen shan) and Sanmushan (Shang Da chen shan) Steer 0-15 degrees. After 2 watches the ship makes Dong Xi Qishan (Dongjishan and Gaodao) Steer 0-15 degrees. After 3 watches the ship makes Dantoushan (29º 10' N), and passes outside it; Appearing opposite is a rock; the ship can pass inside or outside it; on the northeast side there is a sunken rock on which the waves break, [navigate] carefully; the ship can pass inside or outside it.		<li>用丑艮針，二更船取《東洛山》。</li><li>用丑艮針，一更船平《中界山》及《黄山》。</li><li>用癸丑針，三更船取《狹山》外過。</li><li>用癸丑針，三更船平《直谷山》。</li><li>用癸丑針，二更船取《羊琪山》及《大陳》《三母山》。</li><li>用子癸針，二更船取《東西岳山》。</li><li>用子癸針，三更船取《檀頭山》外過。</li><li>對開有礁，内外過船。</li><li>東北邊有沉礁打辰，子細內外過船。</li>	<li>Sail on a course of 37.5º (丑艮, NNE) for 4.8 hours (2 更) to reach Beiji Island (東洛山).</li><li>Sail on a course of 37.5º (丑艮, NNE) for 2.4 hours (1 更) until even with Dongtou Island (中界山) and Banpingdao (黄山).</li><li>Sail on a course of 22.5º (癸丑, NNE) for 7.2 hours (3 更) to pass outside Pishan Island (狹山).</li><li>Sail on a course of 22.5º (癸丑, NNE) for 7.2 hours (3 更) until even with Jigu Island (直谷山).</li><li>Sail on a course of 22.5º (癸丑, NNE) for 4.8 hours (2 更) to reach Yangqi (羊琪山), Xiadachen (大陳), and Shangdachen (三母山) Islands.</li><li>Sail on a course of 7.5º (子癸, NNE) for 4.8 hours (2 更) to reach the Dongji Archipelago (東西岳山).</li><li>Sail on a course of 7.5º (子癸, NNE) for 7.2 hours (3 更) to pass outside Tantoushan Island (檀頭山).</li><li>There is a reef far outside; sail inside or outside.</li><li>The northeast side has a sunken reef making waves, sail inside or outside carefully.</li>
tantoushan-taicang	Tantoushan Island, Zhejiang to Taicang Port, Jiangsu	https://www.loc.gov/resource/g7821rm.gct00058/?sp=4&r=0.037,0.666,0.069,0.086,90	in		用子癸針，三更船取《九山》及《乱礁洋》。 用壬子針，二更船過順《孝順洋》取《雙嶼港》。 用癸丑針，一更船取《昇羅嶼》《廟州門》內過轄《崎頭》。 用辛戌針，一更船取《大磨山》。 用乾亥針，二更船出《西後門》。 用丹子針，取《(東)霍山》。 用丹子及子癸針，三更船取《灘山》。 用癸丑針，三更船取《七山》。 用乾亥針，四更船見《茶山》。 用酉辛針，三更船取《南滙嘴》收汧平《宝山》。 用辛酉針，三更船取《吳淞江》到《太倉港口》軗系船。	Sail on a course of 7.5º (子癸, NNE) for 7.2 hours (3 更) to reach the Jiushan Archipelago (九山) and Chaos Reef (乱礁洋). Sail on a course of 352.5° (壬子, NNW) for 4.8 hours (2 更) to pass the Xiaoshan Ocean (孝順洋) and Shuangyu Port (雙嶼港). Sail on a course of 22.5° (癸丑, NNE) for 2.4 hours (1 更) to reach Shengluo Island (昇羅嶼), pass through Yangxiaomao Channel (廟州門), round Qitou Peninsula (崎頭). Sail on a course of 292.5° (辛戌, WNW) for 2.4 hours (2 更) to reach Damao Island (大磨山). Sail on a course of 322.5° (乾亥, NNW) for 4.8 hours (2 更) to exit Xihoumen (西後門). Sail due north to reach Donghuo Island (霍山). Sail on a course of 7.5° (子癸, NNE) for 7.2 hours (3 更) to reach Tanhu Island (灘山). Sail on a course of 22.5° (癸丑, NNE) for 7.2 hours (3 更) to reach Gutzlaff Island (七山). Sail on a course of 322.5° (乾亥, NNW) for 9.6 hours (4 更) to reach Sheshan Island (茶山). Sail on a course of 277.5° (酉辛, WNW) for 7.2 hours (3 更) to see Nanhuizui (南滙嘴) and reach a point level with Baoshan (宝山). Sail on a course of 277.5° (辛酉, WNW) for 7.2 hours (3 更) to see the Huangpu River (吳淞江) to Taicang Port (太倉港口) and moor the ship.	Steer 0-15 degrees. After 3 watches the ship makes Jiushan (29º 26' N) and Luanjiaoyang (southern portion of Niubishan Channel) Steer 345-360 degrees. After 2 watches the ship passes Xiaoshanyang (northern portion of Niubishan channel), and makes Shuangxujiang (Duffield pass). Steer 15-30 degrees. After 1 watch the ship makes Shenglexu (Xingleshan) and Miaozhoumen (the channel between Roundabout island and the coast), passes within the latter and goes round Qitou (29º 53' N). Steer 285-300 degrees. After 1 watch the ship makes Damoshan (Damaoshan). Steer 315-330 degrees. After 2 watches the ship goes out through Xihoumen (Blackwall pass). Steer exactly 0 degrees and make Heshan (Dongheshan, 30º 15' N). Steer exactly 0 degrees, and then 0-15 degrees. After 3 watches the ship makes Tanshan (Tanhushan). Steer 15-30 degrees. After 3 watches the ship makes Qishan (Daqishan, 30º 48' N) Steer 315-330 degrees. After 4 watches the ship sights Chashan. Steer 285-270 degrees. After 3 watches the ship makes Nanhuizui, leaves the main, and comes level with Baoshan (Zhaobaoshan, near Gaoqiao).		<li>用子癸針，三更船取《九山》及《乱礁洋》。</li><li>用壬子針，二更船過順《孝順洋》取《雙嶼港》。</li><li>用癸丑針，一更船取《昇羅嶼》《廟州門》內過轄《崎頭》。</li><li>用辛戌針，一更船取《大磨山》。</li><li>用乾亥針，二更船出《西後門》。</li><li>用丹子針，取《(東)霍山》。</li><li>用丹子及子癸針，三更船取《灘山》。</li><li>用癸丑針，三更船取《七山》。</li><li>用乾亥針，四更船見《茶山》。</li><li>用酉辛針，三更船取《南滙嘴》收汧平《宝山》。</li><li>用辛酉針，三更船取《吳淞江》到《太倉港口》軗系船。</li>	<li>Sail on a course of 7.5º (子癸, NNE) for 7.2 hours (3 更) to reach the Jiushan Archipelago (九山) and Chaos Reef (乱礁洋).</li><li>Sail on a course of 352.5° (壬子, NNW) for 4.8 hours (2 更) to pass the Xiaoshan Ocean (孝順洋) and Shuangyu Port (雙嶼港).</li><li>Sail on a course of 22.5° (癸丑, NNE) for 2.4 hours (1 更) to reach Shengluo Island (昇羅嶼), pass through Yangxiaomao Channel (廟州門), round Qitou Peninsula (崎頭).</li><li>Sail on a course of 292.5° (辛戌, WNW) for 2.4 hours (2 更) to reach Damao Island (大磨山).</li><li>Sail on a course of 322.5° (乾亥, NNW) for 4.8 hours (2 更) to exit Xihoumen (西後門).</li><li>Sail due north to reach Donghuo Island (霍山).</li><li>Sail on a course of 7.5° (子癸, NNE) for 7.2 hours (3 更) to reach Tanhu Island (灘山).</li><li>Sail on a course of 22.5° (癸丑, NNE) for 7.2 hours (3 更) to reach Gutzlaff Island (七山).</li><li>Sail on a course of 322.5° (乾亥, NNW) for 9.6 hours (4 更) to reach Sheshan Island (茶山).</li><li>Sail on a course of 277.5° (酉辛, WNW) for 7.2 hours (3 更) to see Nanhuizui (南滙嘴) and reach a point level with Baoshan (宝山).</li><li>Sail on a course of 277.5° (辛酉, WNW) for 7.2 hours (3 更) to see the Huangpu River (吳淞江) to Taicang Port (太倉港口) and moor the ship.</li>
sumaderapasai-pulaurondo	Sumadera Pasai, Indonesia to Pulau Rondo	https://www.loc.gov/resource/g7821rm.gct00058/?sp=16&r=0.673,0.472,0.083,0.125,270	out		《蘇門答剌》開船，用乾戍針，十二更，船平《龍涎嶼》。	From Sumadera Pasai (蘇門答剌), sail on a course of 307.5° (乾戍, WNW) for 28.8 hours (12 更) to come even with Pulau Rondo (龍涎嶼).	The ship starts from Sumendala [Kuala Pasai, 97° 13' E]; steer 315°-300°; after 12 watches the ship is level with [f. 18] Longxianxu [Poulo Rondo, 95° 07' E]		<li>《蘇門答剌》開船，用乾戍針，十二更，船平《龍涎嶼》。</li>	<li>From Sumadera Pasai (蘇門答剌), sail on a course of 307.5° (乾戍, WNW) for 28.8 hours (12 更) to come even with Pulau Rondo (龍涎嶼).</li>
pulaurondo-nicobar-srilanka	Pulau Rondo, Indonesia to Sri Lanka via Nicobar	https://www.loc.gov/resource/g7821rm.gct00058/?sp=16&r=0.221,0.411,0.083,0.125,270	out		《龍涎嶼》開船時月，用辛戍針，十更船見《翠藍嶼》。 用辛針，三十更船。 用辛酉針，五十更船見《錫蘭山》。	When starting from Pulau Rondo (龍涎嶼), sail on a course of 292.5° (辛戍, WNW) for 24 hours (10 更) to see Great Nicobar Island (翠藍嶼). Sail on a course of 285° (辛, WNW) for 3 days (30 更). Sail on a course of 277.5° (辛酉, WNW) for 5 days (50 更) to see Sri Lanka (錫蘭山).	The ship starts from Longxian xu [Poulo Rondo] during a favourable month; steer 285°-300°; after 10 [f. 18v] watches the ship sees Cuilan xu [Nicobar islands]. Steer exactly 285° for 30 watches; [then] the ship steers 285°-270° for 50 watches, and the ship sees Xilan [f. 19] shan [Ceylon].		<li>《龍涎嶼》開船時月，用辛戍針，十更船見《翠藍嶼》。</li><li>用辛針，三十更船。</li><li>用辛酉針，五十更船見《錫蘭山》。</li>	<li>When starting from Pulau Rondo (龍涎嶼), sail on a course of 292.5° (辛戍, WNW) for 24 hours (10 更) to see Great Nicobar Island (翠藍嶼).</li><li>Sail on a course of 285° (辛, WNW) for 3 days (30 更).</li><li>Sail on a course of 277.5° (辛酉, WNW) for 5 days (50 更) to see Sri Lanka (錫蘭山).</li>
pulaurondo-srilanka	Pulau Rondo, Indonesia to Sri Lanka (direct)	https://www.loc.gov/resource/g7821rm.gct00058/?sp=16&r=0.199,0.433,0.083,0.125,270	out		《龍涎嶼》開船過洋，用丹辛針，四十更船。 又用辛酉針，五十更船見《錫蘭山》。	When starting cross-sea from Pulau Rondo (龍涎嶼), sail on a course of 292.5° (辛戌, WNW) for 4 days (40 更). Then, sail on a course of 277.5° (辛酉, WNW) for 5 days (50 更) to see Sri Lanka (錫蘭山).	The ship starts from Longxian xu [Poulo Rondo] and crosses the ocean. Steer exactly 285° [f. 18v] for 40 watches; the ship again steers 285°-270° for 50 watches; [then] the ship sees Xilan shan [Ceylon].		<li>《龍涎嶼》開船過洋，用丹辛針，四十更船。</li><li>又用辛酉針，五十更船見《錫蘭山》。</li>	<li>When starting cross-sea from Pulau Rondo (龍涎嶼), sail on a course of 292.5° (辛戌, WNW) for 4 days (40 更).</li><li>Then, sail on a course of 277.5° (辛酉, WNW) for 5 days (50 更) to see Sri Lanka (錫蘭山).</li>
dondra-male	Dondra Head, Sri Lanka to Malé, Maldives	https://www.loc.gov/resource/g7821rm.gct00058/?sp=18&r=0.916,0.599,0.083,0.126,270	out		《千佛堂》，用丹庚針。	From Dondra Head (千佛堂), sail on a course of 255° (庚, WSW).	From Fuotang [Dondra head] steer exactly 255°.		<li>《千佛堂》，用丹庚針。</li>	<li>From Dondra Head (千佛堂), sail on a course of 255° (庚, WSW).</li>
bengal-male	Bay of Bengal to Malé, Maldives	https://www.loc.gov/resource/g7821rm.gct00058/?sp=18&r=0.724,0.529,0.126,0.083,0	out		用庚酉針四十五更船取《官嶼》。	Sail on a course of 262.5° (庚酉, WSW) for 36 hours (15 更) to reach Malé (官嶼).	Steer 255°-270°; after 45 watches make Guanxu [Male island].		<li>用庚酉針四十五更船取《官嶼》。</li>	<li>Sail on a course of 262.5° (庚酉, WSW) for 36 hours (15 更) to reach Malé (官嶼).</li>
male-mogadishu	Malé, Maldives to Mogadishu, Somalia	https://www.loc.gov/resource/g7821rm.gct00058/?sp=18&r=0.69,0.641,0.083,0.126,270	out		《官嶼》澑，用庚酉針，一百五十更船取《木骨都(束)》。	Passing Malé (官嶼), sail on a course of 262.5° (庚酉, WSW) for 15 days (150 更) to reach Mogadishu (木骨都).	From Guanxu liu [Male island], steer 255°-270°; after 150 watches the ship makes Mugudu [Mugudushu, Mogadishu].		<li>《官嶼》澑，用庚酉針，一百五十更船取《木骨都(束)》。</li>	<li>Passing Malé (官嶼), sail on a course of 262.5° (庚酉, WSW) for 15 days (150 更) to reach Mogadishu (木骨都).</li>
bengal-lhaviyani 	Bay of Bengal to Lhaviyani Atoll, Maldives	https://www.loc.gov/resource/g7821rm.gct00058/?sp=18&r=0.726,0.521,0.084,0.163,270	out		用辛酉(針)，四十五更(船)取《任不知(溜)》。	Sail on a course of 277.5° (辛酉, WNW) for 4.5 days (45 更) to reach Lhaviyani Atoll (任不知).	Steer 285°-270°; after 45 watches make Renbuzhi [Fadiffolu atoll].		<li>用辛酉(針)，四十五更(船)取《任不知(溜)》。</li>	<li>Sail on a course of 277.5° (辛酉, WNW) for 4.5 days (45 更) to reach Lhaviyani Atoll (任不知).</li>
bengal-kelaa	Bay of Bengal to Kelaa, Maldives	https://www.loc.gov/resource/g7821rm.gct00058/?sp=18&r=0.715,0.507,0.084,0.163,270	out		用辛戌針，五十更(船)，取《起來(溜)》。	Sail on a course of 292.5° (辛戍, WNW) for 5 days (50 更) to reach Kelaa (起來).	Steer 285°-300°; after 50 watches make Qilai [Kelai island].		<li>用辛戌針，五十更(船)，取《起來(溜)》。</li>	<li>Sail on a course of 292.5° (辛戍, WNW) for 5 days (50 更) to reach Kelaa (起來).</li>
beruwala-kalpeni	Beruwala, Sri Lanka to Kalpeni, India	https://www.loc.gov/resource/g7821rm.gct00058/?sp=18&r=0.702,0.494,0.084,0.163,270	out		用丹戌針，五十五更(船)，取《加平年(溜)》。	Sail on a course of 300° (戌, WNW) for 5.5 days (55 更) to reach Kalpeni (加平年).	Steer exactly 300°; after 55 watches make Jiapingnian [Kalpeni atoll].		<li>用丹戌針，五十五更(船)，取《加平年(溜)》。</li>	<li>Sail on a course of 300° (戌, WNW) for 5.5 days (55 更) to reach Kalpeni (加平年).</li>
male-kanyakumari	Malé, Maldives to Kanyakumari, India	https://www.loc.gov/resource/g7821rm.gct00058/?sp=18&r=0.608,0.514,0.163,0.084,180	in		用甲卯針，二十九更船，取《甘巴里(頭)》。	Sail on a course of 82.5° (甲卯, ENE) for 70 hours (29 更) to reach Kanyakumari (甘巴里).	Steer 75°-90°; after 29 watches the ship makes Ganbali [Cape Comorin].		<li>用甲卯針，二十九更船，取《甘巴里(頭)》。</li>	<li>Sail on a course of 82.5° (甲卯, ENE) for 70 hours (29 更) to reach Kanyakumari (甘巴里).</li>
male-kollam	Malé, Maldives to Kollam, India	https://www.loc.gov/resource/g7821rm.gct00058/?sp=18&r=0.556,0.515,0.163,0.084,180	in		用丹甲針，四十五更船，收《小葛蘭》。	Sail on a course of 75° (甲, ENE) for 4.5 days (45 更) to reach Kollam (小葛蘭).	Steer exactly 75°; after 45 watches the ship makes Xiao Gelan [Quilon].		<li>用丹甲針，四十五更船，收《小葛蘭》。</li>	<li>Sail on a course of 75° (甲, ENE) for 4.5 days (45 更) to reach Kollam (小葛蘭).</li>
kalpeni-kochi	Kalpeni, India to Kochi	https://www.loc.gov/resource/g7821rm.gct00058/?sp=18&r=0.278,0.533,0.163,0.084,180	in		用乙卯針，二十五更(船)，收《柯枝國》。	Sail on a course of 97.5° (乙卯, ESE) for 60 hours (25 更) to reach Kochi (柯枝國).	Steer 105°-90°; after 25 watches you reach the country of Kezhi [Cochin].		<li>用乙卯針，二十五更(船)，收《柯枝國》。</li>	<li>Sail on a course of 97.5° (乙卯, ESE) for 60 hours (25 更) to reach Kochi (柯枝國).</li>
kalpeni-kozhikode	Kalpeni, India to Kozhikode	https://www.loc.gov/resource/g7821rm.gct00058/?sp=18&r=0.259,0.534,0.163,0.084,180	in		用甲卯針，二十八更船，收《古里國》。	Sail on a course of 82.5° (甲卯, ENE) for 67.2 hours (28 更) to reach Kozhikode (古里國).	Steer 75°-90°; after 28 watches the ship reaches the country of Guli [Calicut].		<li>用甲卯針，二十八更船，收《古里國》。</li>	<li>Sail on a course of 82.5° (甲卯, ENE) for 67.2 hours (28 更) to reach Kozhikode (古里國).</li>
africa-xaafuun	African Coast to Xaafuun, Somalia	https://www.loc.gov/resource/g7821rm.gct00058/?sp=18&r=0.922,0.73,0.084,0.163,270	in		在華蓋星五指內，去到北長星四指。 坐斗上。 山扮，坐癸丑針，六十五更船，取《葛兒得風》《哈甫兒雨》。	At 5.4° S latitude, go to 10.3° N. Ride on a course toward the rising of Dipper (斗). When mountains appear, sail on a course of 22.5° (癸丑, NNE) for 6.5 days (65 更) to reach Cape Guardafui (葛得兒風, mistakenly written as 葛兒得風) and Xaafuun (哈甫兒雨).	[From (uncorrected) 3° 12' S, near the equator, to (uncorrected) 10° 26' N, latitude of Ras al Kalb in Arabia] [f. 19v] '[When you are] in [the latitude where the altitude of the] Hua kai star [is] less than 5 fingers [(uncorrected) 3° 12' S] [and] are going to [the latitude where the altitude of the] Pei ch'en star [is] 4 fingers [(uncorrected) 6° 25' N], you set [your course] upon the Tou [star] [Alpha, Beta, Gamma, Delta of Ursa Major]. When mountains appear, you set a compass[-course] of 15°-30°. [After] 65 watches the ship reaches Ko-erh-te-feng [Guardafui], [which is] Ha-fu-erh-yü ['Hafun'].'		<li>在華蓋星五指內，去到北長星四指。</li><li>坐斗上。</li><li>山扮，坐癸丑針，六十五更船，取《葛兒得風》《哈甫兒雨》。</li>	<li>At 5.4° S latitude, go to 10.3° N.</li><li>Ride on a course toward the rising of Dipper (斗).</li><li>When mountains appear, sail on a course of 22.5° (癸丑, NNE) for 6.5 days (65 更) to reach Cape Guardafui (葛得兒風, mistakenly written as 葛兒得風) and Xaafuun (哈甫兒雨).</li>
andrott-kavaratti	Andrott Island, India to Kavaratti Island	https://www.loc.gov/resource/g7821rm.gct00058/?sp=18&r=0.089,0.483,0.084,0.163,90	out		用卯針，十六更船，取《加加溜》。	Sail due east (卯) for 38.4 hours (16 更) to reach Kavaratti Passage (加加溜).	Steer 90°; after 16 watches you make Jiajia Liu [Sacrifice rock?].		<li>用卯針，十六更船，取《加加溜》。</li>	<li>Sail due east (卯) for 38.4 hours (16 更) to reach Kavaratti Passage (加加溜).</li>
andrott-kozhikode	Andrott Island, India to Calicut	https://www.loc.gov/resource/g7821rm.gct00058/?sp=18&r=0.075,0.476,0.084,0.163,90	in		用卯針，十五更船，取《古里國》。	Sail due east (卯) for 36 hours (15 更) to reach Kozhikode (古里國).	Steer 90°; after 15 watches you make the country of Guli [Calicut].		<li>用卯針，十五更船，取《古里國》。</li>	<li>Sail due east (卯) for 36 hours (15 更) to reach Kozhikode (古里國).</li>
mangalore-kozhikode	Mangalore, India to Kozhikode	https://www.loc.gov/resource/g7821rm.gct00058/?sp=18&r=0.011,0.392,0.084,0.163,90	in		用丹乙針，二十八更(船)，收《古里國》。	Sail on a course of 105° (乙, ESE) for 67.2 hours (28 更) to reach Kozhikode (古里國).	[From Goa to Calicut?] Steer exactly 105; after 28 watches make the country of Guli [Calicut].		<li>用丹乙針，二十八更(船)，收《古里國》。</li>	<li>Sail on a course of 105° (乙, ESE) for 67.2 hours (28 更) to reach Kozhikode (古里國).</li>
rasfartak-oman	Ras Fartak, Yemen to Oman	https://www.loc.gov/resource/g7821rm.gct00058/?sp=19&r=0.897,0.476,0.084,0.162,270	in		在三指，觜頭山勢。 去到六指二角直遶《那里》，(用)寅上(針)。 又在六指二角內山。 指坐《布司》上。 用丹艮(針)，十指去到十一指坐取船。	At 9.7° N latitude, there are mountains. When going to 14.3° N, go straight around 'There' (那里) on a course above 60° (寅, ENE). Then, at a bit less than 14.3° N latitude, more mountains. Take a bearing on the rising of Bùsī Star (布司). Sail on a course of 45° (艮, NE) from 20.0° N latitude to 21.6° N.	[From (uncorrected) 10° 26' N (near Ras Fartak) to (uncorrected) 21° 41' N (near As Salama)] [f. 20v] Going to [the latitude where the altitude of Pei ch'en is] 6 fingers 2 quarters [(uncorrected) 10 26' N], [you go] straight around that place on [a course of] 60.' . . . 'Again, [when you are] in [the latitude where the altitude is] 6 fingers 2 quarters, there will be mountains to landward [Fartak range].' [f. 21] 'Take a bearing and set your course on the Pu ssu star [Beta of Pegasus?];  steer exactly 45°; [travelling from the latitude where the altitude of Pei ch'en is] 10 fingers [(uncorrected) 16° 04' N] to [the latitude where it is] 11 fingers [(uncorrected) 17° 40' N], set [this course and] keep the ship on it.'-[f. 21v] 'The angle.		<li>在三指，觜頭山勢。</li><li>去到六指二角直遶《那里》，(用)寅上(針)。</li><li>又在六指二角內山。</li><li>指坐《布司》上。</li><li>用丹艮(針)，十指去到十一指坐取船。</li>	<li>At 9.7° N latitude, there are mountains.</li><li>When going to 14.3° N, go straight around 'There' (那里) on a course above 60° (寅, ENE).</li><li>Then, at a bit less than 14.3° N latitude, more mountains.</li><li>Take a bearing on the rising of Bùsī Star (布司).</li><li>Sail on a course of 45° (艮, NE) from 20.0° N latitude to 21.6° N.</li>
mangalore-qalhat	Mangalore, India to Qalhat, Oman	https://www.loc.gov/resource/g7821rm.gct00058/?sp=19&r=0.823,0.41,0.084,0.162,270	out		用丹戌針，八十五更(船) 又用辛戌針，四十更船收《加剌哈》。	Sail on a course of 300° (戌, WNW) for 8.5 days (85 更). Then, sail on a course of 292.5° (辛戍, WNW) for 4 days (40 更) to reach Qalhat (加剌哈).	Steer exactly 300 for 85 watches; again, steer 285-300 for 40 watches; the ship makes Jialaha [Kalhat, 22 42' N, in Arabia].		<li>用丹戌針，八十五更(船)</li><li>又用辛戌針，四十更船收《加剌哈》。</li>	<li>Sail on a course of 300° (戌, WNW) for 8.5 days (85 更).</li><li>Then, sail on a course of 292.5° (辛戍, WNW) for 4 days (40 更) to reach Qalhat (加剌哈).</li>
anjediva-qalhat-a	Anjediva Island, India to Qalhat, Oman (A)	https://www.loc.gov/resource/g7821rm.gct00058/?sp=19&r=0.79,0.387,0.084,0.162,270	out		用辛戌針，一百更船收《加剌哈》。	Sail on a course of 292.5° (辛戍, WNW) for 10 days (100 更) to reach Qalhat (加剌哈).	Steer 285°-300°; after 100 watches the ship makes Jialaha [Kalhat]. Steer exactly 300°; after 120 watches the ship makes Jialaha [Kalhat].		<li>用辛戌針，一百更船收《加剌哈》。</li>	<li>Sail on a course of 292.5° (辛戍, WNW) for 10 days (100 更) to reach Qalhat (加剌哈).</li>
anjediva-qalhat-b	Anjediva Island, India to Qalhat, Oman (B)	https://www.loc.gov/resource/g7821rm.gct00058/?sp=19&r=0.741,0.39,0.084,0.162,270	out		用丹戌針，一百二更船收《加剌哈》。	Sail on a course of 300° (戌, WNW) for 10.2 days (102 更) to reach Qalhat (加剌哈).			<li>用丹戌針，一百二更船收《加剌哈》。</li>	<li>Sail on a course of 300° (戌, WNW) for 10.2 days (102 更) to reach Qalhat (加剌哈).</li>
goa-qalhat	Goa to Qalhat	https://www.loc.gov/resource/g7821rm.gct00058/?sp=19&r=0.702,0.37,0.084,0.162,270	out		用辛酉針，八十七更船收《加剌哈》。	Sail on a course of 277.5° (辛酉, WNW) for 8.7 days (87 更) to reach Qalhat (加剌哈).	Steer 285°-270°; after 87 watches the ship makes Jialaha [Kalhat].		<li>用辛酉針，八十七更船收《加剌哈》。</li>	<li>Sail on a course of 277.5° (辛酉, WNW) for 8.7 days (87 更) to reach Qalhat (加剌哈).</li>
pakistan-musandam	Pakistan Coast to Musandam Peninsula	https://www.loc.gov/resource/g7821rm.gct00058/?sp=19&r=0.34,0.394,0.083,0.102,270	out		九指二角，用丹辛針，一百六十六更船收《都里馬新富》。	From 19.2° N latitude, sail on a course of 285° (辛, WNW) for 16.6 days (166 更) to reach the Musandam Peninsula (都里馬新富).	[When the altitude of Beichen is] 9 fingers 2 quarters, steer exactly 285°; after 166 watches the ship makes Duli Maxinfu [Tell Masandam, 26° 23' N, in Arabia].		<li>九指二角，用丹辛針，一百六十六更船收《都里馬新富》。</li>	<li>From 19.2° N latitude, sail on a course of 285° (辛, WNW) for 16.6 days (166 更) to reach the Musandam Peninsula (都里馬新富).</li>
pakistan-coast	Coast of Pakistan	https://www.loc.gov/resource/g7821rm.gct00058/?sp=19&r=0.352,0.378,0.083,0.102,270	out		觜頭也有十指。 在十指，山勢。 去到十二指《吳實記落》。 不到丹戌。	The latitude is 20.0° N. At 20.0° N latitude, mountains appear. Go to 23.2° N latitude for Sir Creek (吳實記落). Do not exceed a course of 300° (戌, WNW).	The angle is 10 fingers [16° 04' N]; at 10 fingers mountains appear; when you travel to [the latitude where the altitude of Beichen is] 12 fingers, the Wushiji [unidentified star] sets. The direction is not quite 300°.		<li>觜頭也有十指。</li><li>在十指，山勢。</li><li>去到十二指《吳實記落》。</li><li>不到丹戌。</li>	<li>The latitude is 20.0° N.</li><li>At 20.0° N latitude, mountains appear.</li><li>Go to 23.2° N latitude for Sir Creek (吳實記落).</li><li>Do not exceed a course of 300° (戌, WNW).</li>
qalhat-hormuz	Qalhat, Oman to Hormuz, Iran	https://www.loc.gov/resource/g7821rm.gct00058/?sp=20&r=0.908,0.441,0.084,0.163,270	out		觜頭去到十二指，坐乾亥《小斗》落。 又在十二指觜頭去到十二指二角。 坐乾丹《布司》落。 又去到十二指觜頭，(用)子針五十更船收《忽魯莫斯》。	Before going to 23.2° N latitude, ride on a course of 322.5° (乾亥, NNW) toward the setting of Dipper (小斗). Again, before you're at 23.2° N latitude, go to 24° N. Ride on a course of 315° (乾, NW) toward the setting of Bùsī star (布司). Again, before going to go to 23.2° N latitude, sail due north (子) for 5 days (50 更) to arrive at Hormuz (忽魯莫斯).	When you are travelling to [the latitude where the altitude of Pei ch'en is] 12 fingers [(uncorrected) 19° 17' N], set a course of 315°-330°. The Hsiao tou star [in Hercules?] sets. Again, when you are in [the latitude where] the angle [of Pei ch'en is] 12 fingers and are travelling to [the latitude where it is] 12 fingers 2 quarters [(uncorrected) 20° 05' N], set a course of exactly 315°. The Pu ssu star [Formalhaut?] sets. Again, [f. 22] travel to [the latitude where] the angle [of Pei ch'en is] 12 fingers.		<li>觜頭去到十二指，坐乾亥《小斗》落。</li><li>又在十二指觜頭去到十二指二角。</li><li>坐乾丹《布司》落。</li><li>又去到十二指觜頭，(用)子針五十更船收《忽魯莫斯》。</li>	<li>Before going to 23.2° N latitude, ride on a course of 322.5° (乾亥, NNW) toward the setting of Dipper (小斗).</li><li>Again, before you're at 23.2° N latitude, go to 24° N.</li><li>Ride on a course of 315° (乾, NW) toward the setting of Bùsī star (布司).</li><li>Again, before going to go to 23.2° N latitude, sail due north (子) for 5 days (50 更) to arrive at Hormuz (忽魯莫斯).</li>
quoin-qeshm	Quoin Island, Oman to Qeshm Island, Iran	https://www.loc.gov/resource/g7821rm.gct00058/?sp=20&r=0.247,0.584,0.163,0.084,0	out		去十三指二角坐正北。	Follow the coast to 25.6° N latitude then turn due north.	Travelling to [the latitude where the altitude of Pei ch'en is] 13 fingers 2 quarters [(uncorrected) 21° 41' N], set a course due north. 		<li>去十三指二角坐正北。</li>	<li>Follow the coast to 25.6° N latitude then turn due north.</li>
minicoy-kozhikode	Minicoy Island, India  to Kozhikode	https://www.loc.gov/resource/g7821rm.gct00058/?sp=18&r=0.417,0.47,0.084,0.163,270	in		船收《古里國》，(用)寅針五十更。	To sail to Kozhikode (古里國), sail on a course of 60° (寅, ENE) for 5 days (50 更).	[Steer] 60°; after 50 watches the ship makes the country of Guli [Calicut].		<li>船收《古里國》，(用)寅針五十更。</li>	<li>To sail to Kozhikode (古里國), sail on a course of 60° (寅, ENE) for 5 days (50 更).</li>
minicoy-kochi	Minicoy Island, India to Kochi	https://www.loc.gov/resource/g7821rm.gct00058/?sp=18&r=0.417,0.47,0.084,0.163,270	in		(用)寅針二十五更收《柯枝》。	Sail on a course of 60° (寅, ENE) for 2 days (20 更) to arrive in Kochi (柯枝).	[Steer] 60°; after 25 watches you make Kezhi [Cochin].		<li>(用)寅針二十五更收《柯枝》。</li>	<li>Sail on a course of 60° (寅, ENE) for 2 days (20 更) to arrive in Kochi (柯枝).</li>
outside-xiyang	Alternate Route Outside of Xiyang Island					[no guidance]				
into-dinghai	Into Dinghai					[no guidance]				
							[There is a hiatus in respect of the voyage to Ling shan [Cape Varella]; 'Shunfeng' gives the stages as 5 watches from Chikan shan [Point Ke Ga] to Luowantou [Cape Padaran, 11° 22' N], 5 watches to Qienanmao shan [Hon Heo mountain, 12° 24' N, 109 16 E], 3 watches to Ling shan [Cape Varella, 12° 54' N].]			
							[Since Zheng He or his delegate often went to Thailand, we set out the main stages (as given in 'Shun-feng') for the voyages from Grand Condore to Thailand and thence to Pedra Branca on the main route to India. From Kunlun shan [Grand Condore, 106° 36' E], 3 watches to Xiao Kunlun shan [The Brothers, 106° 07' E]; 8 watches to Zhenxu shan [Non Khoai, 104° 49' E]. From Zhenxu shan, 10 watches to Daheng shan [Poulo Panjang, 103° 23' E]; 5 watches to Xiaoheng shan [Poulo Wai, 102° 51' E]; 20 watches to Bijiashan [Khao Samroiyot 12° 14' N]; 10 watches to Wuniqian [the mudbank off Hlaem Phak Bia, 13° 01' N]. From Wuniqian, 3 watches to Zhuxu [the mudbank off Ban Hlaem village, 13° 12' N]; and 5 watches to the shallows [off Maenam Mae Klong, 13° 21' N]. On the southward journey ships followed the coast from KhaoSamroiyou; 5 watches to Guishan [Ko Hluam, 11° 45' N]; 10 watches to Fuoxu [Ko lang, 10° 51' N]. From Fuoxu, 10 watches to Da Sumeishan [Ko Samui, 9° 27' N]; 15 watches to Daimeishan [Ko Krah, 8° 25' N]; 10 watches to Suguna [Songkhla, 7° 11' N]; 5 watches to Danijiang kou [Pattani river estuary, 6° 54' N]. From Danijiang kou, 7 watches to Jilandan jiangkou [Kelantan river estuary, 6° 11' N]; 4 watches to Sanjuexu [Pulau Perhentian Besar, 5° 53' N]. From Sanjuexu, 3 watches to Jueyuanshan [Pulau Bidong Laut, 5° 36' N]. From Jueyuanshan, 3 watches to Mianhuaxu [Pulau Kapas, 5° 12' N]; 5 watches to Douxu [Pulau Tenggol, 4° 49' N]; 5 watches to Pengheng jiangkou [Pahang river estuary, 3° 31' N]; 5 watches to Qupan shan [Pulau Tioman, 2° 46' N]. From Qupanshan, 11 watches to Baijiao [Pedra Branca, 1° 19' N].			
							From Jilimen [Little Karimun island, 103° 24' E], for 5 watches the ship steers 105°-120° and [then] exactly 120°, makes Changyao xu [Pulau Satumu, Raffles Lighthouse], and goes out through Longya strait. From Longya strait, steering 75°-90° [f. 15] for 5 watches, the ship makes Baijiao [Pedra Branca, 104° 24' E].			
							[The map contains no sailing directions; we can, however, set out the main stages derived from other sources. From Ling shan [Cape Varella, 12° 54' N] 13 watches to Dongxidong [Great Catwick and Poulo Sapatu, 9° 59' N]; 45 watches to Dongshelong shan [Tandjung Datu, 2° 05' N]; 11 watches to Jialimada [Karimata island, 1° 36' S]; 10 watches to Jiaolan shan [Gelam islet, 2° 53' S]; 30 watches to Jilimen shan [Karimundjawa islands, 5° 52' S]; 4 watches to Baolao'an shan [Djapara mountain, that is, Murjo Pegunungan, 6° 35' S, 110° 52' E]; 8 watches to Nacan shan [Lasem Pegunungan, 111° 31' E]; 2 watches to Duban shan [Tuban, 112° 04' E]; and 5 watches to Xincun [Gresik, 7° 09' S, 112° 39' E], or alternatively to Raodong [Jaratan].]			
							[The map contains no sailing directions. 'Shun-feng' (ff. 43-5) gives directions for voyages from Atjeh in Sumatra in Banten in Java, and we attempt a provisional explanation of the main stages. From Aqi [Atjeh, Kutaradja], 1 watch to Mantu mountain [Udjung Masam Muka, 5° 35' N, 95° 13' E]], 39 watches to Maolu [Barus, 2° 01' N], 19 watches to Kuxin man anchorage [Tiku, 0° 23' S], 3 watches to Zhiqumian [Pariaman, 0° 42' S], 3 watches to Jializai man [Padang, 0° 57' S], 11 watches to Jiliman [Inderapura, 2° 04' S], 14 watches to Foulu luo [Bengkulu, 3° 47' S], 19 watches to Jiliman xu [Batu Ketjil island, 5° 53' S, 104° 27' E]], 5 watches to Fouluwu xu [Sebesi island in Sunda strait, 105° 29' E], 3 watches to Foulu shang xiang [Sangian island, 105° 50' E], 4 watches to the great mountain of Shigong [Gede mountain near Tandjung Sekong, 5° 54' S, 105° 59' E]], thence to Pan-jang [Pandjang island, 5° 55' S] in Banten bay.			
							[The map contains no sailing directions for the west coast of Thailand and Burma with the Nicobar and Andeman islands. The 'Shun-feng' (f. 46) gives the stages for the journey from Kuala Pasai to Chittagong, and we attempt a provisional explanation. From Kuala Pasai, 12 watches to Qienanmao shan [Poulo Weh], 45 watches to the 'southern head mountain' of Andeman [Mount Mayo, 11° 23' N, on Rutland island], 12 watches to Pingzhongjian [Saddle Hill,, 13° 09' N, on North Andaman island], 50 watches to Chitu shan [South cliff, 21° 20' N, on the coast of Burma], 5 watches to Rangliedang head [Patenga point, 22° 13' N, associated with 'Juldia' hill], near Chadijiang [Chittagong].			
							[Huang Shengzeng (Xiyang chaogong dianlu, ch. 2, ff. 7-7v) records an interesting itinerary from Bengal to Male island, which we paraphrase and summarize. From Bengal the navigator descends to latitudes where the altitude of Polaris is, successively, 4.5 fingers, 3.5 fingers, 2 3/8 fingers, 2 1/8 fingers, 1 7/8 fingers, and 1 3/4 fingers; then he passes Yinggezui [Namunakuli in Ceylon] mountain; after 5 watches he sees Tiezhen island [Great Basses reef]; after another 7 watches he sees Fuoshzuo mountain [Dondra head]; after anohter 5 watches he sees the mountain of Yali [Galle]; whence he travels to Guanxu [Male island in the Maldives].]			